Advertiser URL,Advertiser Category,Program ID,Program Name,Contract Status,Tracking Link,Allows Deep Linking,Payout
https://www.dhgate.com,Women's Apparel,12108,DHgate,Active,https://dhgate.sjv.io/c/5460784/868543/12108,true,"Purchase: 2%-50%
Android - DHgate App: 2%-50%
iOS - DHgate App: 2%-50%"
https://www.gearupbooster.com/,Apps,32948,SafeShellVPN,Expired,https://safeshellvpn.pxf.io/c/5460784/2845433/32948,true,Online Sale: 50%
https://www.gearupbooster.com/,Apps,40222,GearUP,Active,https://gearup.sjv.io/c/5460784/3204502/40222,true,Paid Subscription: 70%
https://gyroorboard.com,Transportation,38212,Gyroor,Active,https://gyroor.pxf.io/c/5460784/3093220/38212,true,Online Sale gyroorboard: 6%
https://hoverhearts.com/,Outdoors & Recreation,53691,SKRT Mobility - Mobility Scooters Affiliate Program,Active,https://skrtmobility.pxf.io/c/5460784/3920354/53691,true,Online Sale: 10%
https://fitory.com/,Women's Apparel,43898,Fitory Footwear ,Active,https://jinyuinternationaltradingcolimited.sjv.io/c/5460784/3327806/43898,true,Online Sale: 10%
https://www.joybuy.co.uk,"Apparel, Shoes & Accessories",32330,Joybuy,Active,https://joybuy.pxf.io/c/5460784/2808142/32330,true,"Online Sale-FR: 3%-12%
Online Sale-DE: 3%-12%
Online Sale-NL: 3%-12%
Android: 3%-12%
IOS: 3%-12%
Online Sale-UK: 3%-12%"
https://krisp.ai,Apps,33230,Krisp,Active,https://krisp.pxf.io/c/5460784/2859289/33230,true,"Recurring Subscription: 30%
Paid Subscription: 30%"
https://www.margovil.com,Women's Apparel,44973,Margovil,Active,https://margovil.pxf.io/c/5460784/3384076/44973,true,Online Sale: 15%
https://mfimedical.com,First Aid & pharmacy,26283,MFI Medical,Active,https://mfimedical.sjv.io/c/5460784/2089249/26283,true,Online Sale: 1%
https://www.xbox.com/en-us/xbox-game-pass,Entertainment & Activities,53669,Microsoft Xbox Game Pass,Active,https://microsoftxboxgamepass.sjv.io/c/5460784/3919895/53669,true,"Subscription Signup: 0%
Subscription Purchase: $3.00"
https://myebikes.com,Outdoors & Recreation,48219,myebikes.com GmbH,Active,https://myebikescomgmbh.sjv.io/c/5460784/3776249/48219,true,"Online Sale: EUR30.00,5%-8%"
https://nightairbeds.com,Bed & Bath,53221,Boyd Sleep,Active,https://boydsleep.sjv.io/c/5460784/3907043/53221,true,Online Sale: 7%
http://www.points.com,Transportation,4705,Southwest Airlines Rapid Rewards - Points.com,Active,https://swa.eyjo.net/c/5460784/302888/4705,true,Online Sale: 2.5%
https://www.rewarx.com/,Collectibles & Hobbies,49656,Rewarx Limited,Expired,https://rewarxlimited.pxf.io/c/5460784/3816790/49656,true,"Online Sales: 50%
Sign-up: USD0.00"
https://www.eskute.com,Outdoors & Recreation,44968,Eskute Ebikes ,Active,https://shenzhenlongqielectronicscoltd.sjv.io/c/5460784/3383875/44968,true,Online Sale: 1%-3%
https://www.shopify.com,Website Hosting,13624,Shopify,Active,https://shopify.pxf.io/c/5460784/1061744/13624,true,"Full Price Shop: US$25.00-US$150.00
Retained Full Price Shops: 12 Mo: US$0.00
Retained Full Price Shops: 9 Mo: US$0.00
Retained Full Price Shops: 6 Mo: US$0.00
Retained Full Price Shops: 3 Mo: US$0.00
Paid Trial: US$0.00
Free Trial: US$0.00"
http://zendrop.com,Women's Apparel,19190,Zendrop Partner Program,Active,https://zendrop.sjv.io/c/5460784/1653810/19190,true,"Paid Plan Purchase: $25.00
Recurring Subscription: 0%
Online Lead: $0.00"
https://zenxvape.com,Consumer Electronics,54951,Lemorele,Active,https://lemorele.sjv.io/c/5460784/3958018/54951,true,Online Sale: 10%
https://www.trucktok.com/,Parts & Accessories,44072,Trucktok,Active,https://go.sjv.io/c/5460784/3335308/44072,true,Online Sale: 8%-12%
